date,flat_bill_rs,prana_bill_rs,saving_rs,flat_elec_rs,prana_elec_rs,flat_alt_rs,prana_alt_rs,elec_saving_rs,alt_extra_rs,flat_mwh,prana_mwh,flat_peak_mw,prana_peak_mw,md_saving_rs,rtm_spread_rs_mwh,rtm_mean_rs_mwh,solve_s
2026-04-09,16260075.284855792,15933376.210925074,326699.073930718,15393803.684012042,14869190.669587575,866271.60084375,1064185.5413375,524613.0144244675,197913.94049375004,2230.2079200000003,2163.741132,92.92533,92.636859,5789.043877551099,5251.88,2989.4090624999994,14.466393232345581
2026-04-10,17791239.172190897,17179054.65884866,612184.513342239,16924967.571347147,16114869.117511157,866271.60084375,1064185.5413375,810098.4538359903,197913.94049375004,2230.2079200000003,2171.7831522499996,92.92533,94.111816,-23810.43333333335,9950.13,3595.1240624999996,15.494154691696167
2026-04-11,19893541.33710258,19205294.2494175,688247.0876850821,19027269.73625883,18141108.708079997,866271.60084375,1064185.5413375,886161.0281788334,197913.94049375004,2230.2079200000003,2172.6046895,92.92533,94.591626,-33439.27346938779,9563.64,4426.776354166667,24.53594422340393
2026-04-12,19499294.410996716,18853583.52188283,645710.8891138881,18633022.810152967,17789397.980545327,866271.60084375,1064185.5413375,843624.8296076395,197913.94049375004,2230.2079200000003,2172.406054,92.92533,95.259424,-46840.6619047618,9900.25,4270.815729166666,20.615960359573364
2026-04-13,21743503.108261216,20968729.33979618,774773.7684650347,20877231.507417466,19904543.79845868,866271.60084375,1064185.5413375,972687.708958786,197913.94049375004,2230.2079200000003,2174.4908835000006,92.92533,95.107978,-43801.439455782296,8483.94,5158.605,15.76984190940857
2026-04-14,22217784.512858074,21423935.47982974,793849.0330283344,21351512.912014324,20359749.93849224,866271.60084375,1064185.5413375,991762.9735220857,197913.94049375004,2230.2079200000003,2173.9713227499997,92.92533,95.259424,-46840.6619047618,9600.69,5346.2265625,5.418617486953735
2026-04-15,21938026.823313218,21144293.62590449,793733.1974087283,21071755.222469468,20080108.084566988,866271.60084375,1064185.5413375,991647.1379024796,197913.94049375004,2230.2079200000003,2173.294924,92.92533,95.259424,-46840.6619047618,10000.0,5235.556874999999,8.37089204788208
2026-04-16,25797924.791109156,24977099.03496883,820825.7561403252,24931653.190265406,23912913.49363133,866271.60084375,1064185.5413375,1018739.6966340765,197913.94049375004,2230.2079200000003,2168.5240809999996,92.92533,95.259424,-46840.6619047618,8558.32,6762.498645833333,6.889748573303223
2026-04-17,25904445.73290099,25086962.551956013,817483.1809449755,25038174.13205724,24022777.01061851,866271.60084375,1064185.5413375,1015397.1214387268,197913.94049375004,2230.2079200000003,2168.678839,92.92533,95.259424,-46840.6619047618,8150.78,6804.637395833334,7.37723183631897
2026-04-18,25716471.550111424,24892993.025384173,823478.5247272514,24850199.949267674,23828807.48404667,866271.60084375,1064185.5413375,1021392.4652210027,197913.94049375004,2230.2079200000003,2168.6196812499998,92.92533,95.259424,-46840.6619047618,8150.33,6730.276458333334,5.868387460708618
2026-04-19,22717367.972115222,21871830.85224303,845537.1198721938,21851096.371271472,20807645.310905527,866271.60084375,1064185.5413375,1043451.0603659451,197913.94049375004,2230.2079200000003,2171.44526675,92.92533,95.259424,-46840.6619047618,9600.59,5543.857395833333,5.9174699783325195
2026-04-20,24432074.91093638,23623970.750254773,808104.1606816091,23565803.31009263,22559785.20891727,866271.60084375,1064185.5413375,1006018.1011753604,197913.94049375004,2230.2079200000003,2170.6499759999997,92.92533,95.259424,-46840.6619047618,8380.1,6222.180416666666,7.848706483840942
2026-04-21,25302357.209170163,24476453.18990774,825904.0192624219,24436085.608326413,23412267.64857024,866271.60084375,1064185.5413375,1023817.9597561732,197913.94049375004,2230.2079200000003,2169.2393492499996,92.92533,95.259424,-46840.6619047618,8200.630000000001,6566.456458333334,7.7757062911987305
2026-04-22,23792292.279403195,22983168.842848495,809123.4365547001,22926020.678559445,21918983.301510993,866271.60084375,1064185.5413375,1007037.3770484515,197913.94049375004,2230.2079200000003,2171.0780457499995,92.92533,95.259424,-46840.6619047618,8455.17,5969.088020833333,8.035499334335327
2026-04-23,25673306.464468975,24843624.670408964,829681.7940600105,24807034.863625225,23779439.129071463,866271.60084375,1064185.5413375,1027595.7345537618,197913.94049375004,2230.2079200000003,2168.26045025,92.92533,95.259424,-46840.6619047618,8675.119999999999,6713.200729166667,6.704906702041626
2026-04-24,27271417.351804037,26466470.22014349,804947.1316605471,26405145.750960287,25402284.67880599,866271.60084375,1064185.5413375,1002861.0721542984,197913.94049375004,2230.2079200000003,2167.1914285,92.92533,95.259424,-46840.6619047618,7610.12,7345.399375000001,8.92149019241333
2026-04-25,27856097.85969963,27056548.90943507,799548.9502645582,26989826.25885588,25992363.36809757,866271.60084375,1064185.5413375,997462.8907583095,197913.94049375004,2230.2079200000003,2166.4983679999996,92.92533,95.259424,-46840.6619047618,7548.2,7576.693854166667,12.245666265487671
2026-04-26,24364975.97590183,23529127.08606857,835848.8898332603,23498704.37505808,22464941.54473107,866271.60084375,1064185.5413375,1033762.8303270116,197913.94049375004,2230.2079200000003,2169.9999725,92.92533,95.259424,-46840.6619047618,9992.7,6195.636666666668,6.951648235321045
2026-04-27,22418545.200577956,21624713.944179345,793831.2563986108,21552273.599734206,20560528.402841844,866271.60084375,1064185.5413375,991745.1968923621,197913.94049375004,2230.2079200000003,2176.1717197499997,92.92533,95.259424,-46840.6619047618,9958.55,5425.645729166667,19.548197507858276
2026-04-28,20942361.256887283,20169952.153622214,772409.1032650694,20076089.656043533,19105766.612284712,866271.60084375,1064185.5413375,970323.0437588207,197913.94049375004,2230.2079200000003,2173.643937250001,92.92533,94.98738,-41381.275510204025,9990.68,4841.6803125,10.408003568649292
2026-04-29,15797074.727428759,15382243.676481774,414831.05094698444,14930803.126585009,14318058.135144275,866271.60084375,1064185.5413375,612744.9914407339,197913.94049375004,2230.2079200000003,2166.5403637500003,92.92533,92.914712,213.0823129254859,9900.8,2806.250104166667,11.082809686660767
2026-04-30,14101462.362322498,13881302.149383359,220160.21293913946,13235190.761478748,12817116.60804586,866271.60084375,1064185.5413375,418074.1534328889,197913.94049375004,2230.2079200000003,2162.0826257499994,92.92533,91.764607,23293.420748299453,3619.1800000000003,2135.4807291666666,7.1530561447143555
2026-05-01,12962263.215746956,12744519.160156881,217744.0555900745,12095991.614903206,11680333.618819382,866271.60084375,1064185.5413375,415657.99608382396,197913.94049375004,2230.2079200000003,2164.3631429999996,92.92533,93.055973,-2621.7472789112944,4000.63,1684.8235416666666,6.219759225845337
2026-05-02,14628827.28748036,14382324.071350155,246503.2161302045,13762555.68663661,13318138.530012656,866271.60084375,1064185.5413375,444417.15662395395,197913.94049375004,2230.2079200000003,2162.570442,92.92533,92.316407,12219.883333333535,3813.97,2344.101666666667,9.685606479644775
2026-05-03,13282637.063490828,13036172.778329527,246464.2851613015,12416365.462647079,11971987.236992028,866271.60084375,1064185.5413375,444378.22565505095,197913.94049375004,2230.2079200000003,2164.6462810000003,92.92533,93.352205,-8566.539115646156,4005.62,1811.560625,11.213923931121826
2026-05-04,14034505.356202414,13804707.69607862,229797.6601237934,13168233.755358664,12740522.154741121,866271.60084375,1064185.5413375,427711.60061754286,197913.94049375004,2230.2079200000003,2163.0007327499998,92.92533,92.213626,14282.49523809529,3921.9,2108.993125,6.265169382095337
2026-05-05,15278036.210813114,15012223.990652716,265812.22016039863,14411764.609969364,13948038.449315216,866271.60084375,1064185.5413375,463726.1606541481,197913.94049375004,2230.2079200000003,2162.6172362499997,92.92533,91.980739,18956.077891156543,4601.04,2600.9230208333333,6.295444488525391
2026-05-06,16273564.588065704,15962772.930141672,310791.65792403184,15407292.987221954,14898587.388804173,866271.60084375,1064185.5413375,508705.5984177813,197913.94049375004,2230.2079200000003,2163.3203605000003,92.92533,92.238552,13782.279591836967,4650.99,2994.7453125000006,8.672045707702637
2026-05-07,16149082.660642022,15861663.802369365,287418.8582726568,15282811.059798272,14797478.261031866,866271.60084375,1064185.5413375,485332.79876640625,197913.94049375004,2230.2079200000003,2162.44631675,92.92533,91.839626,21787.93741496629,4511.53,2945.5013541666667,6.721102476119995
2026-05-08,17076392.997319303,16736619.098793842,339773.89852546155,16210121.396475554,15672433.557456343,866271.60084375,1064185.5413375,537687.839019211,197913.94049375004,2230.2079200000003,2163.351665,92.92533,92.295337,12642.71666666679,4299.82,3312.3371875,5.930194139480591
2026-05-09,16658381.272587731,16340878.733550452,317502.5390372798,15792109.671743982,15276693.192212952,866271.60084375,1064185.5413375,515416.47953102924,197913.94049375004,2230.2079200000003,2163.0128215000004,92.92533,92.290881,12732.139795918483,4951.5,3146.9754166666667,6.020307779312134
2026-05-10,16300779.654903317,15840809.477189586,459970.1777137313,15434508.054059567,14776623.935852086,866271.60084375,1064185.5413375,657884.1182074808,197913.94049375004,2230.2079200000003,2168.858698,92.92533,94.099294,-23559.141496598488,9970.29,3005.5113541666665,12.429638862609863
2026-05-11,20498477.39196701,19740928.02812322,757549.3638437912,19632205.79112326,18676742.486785717,866271.60084375,1064185.5413375,955463.3043375425,197913.94049375004,2230.2079200000003,2174.9472695000004,92.92533,94.591626,-33439.27346938779,9951.49,4666.083750000001,12.158532857894897
2026-05-12,23760408.567568474,22965587.365717355,794821.2018511184,22894136.966724724,21901401.824379854,866271.60084375,1064185.5413375,992735.1423448697,197913.94049375004,2230.2079200000003,2172.773687,92.92533,95.259424,-46840.6619047618,8436.7,5956.475104166667,17.94723677635193
2026-05-13,21930898.515996996,21181032.596028034,749865.9199689627,21064626.915153246,20116847.054690532,866271.60084375,1064185.5413375,947779.860462714,197913.94049375004,2230.2079200000003,2172.36397175,92.92533,94.591626,-33439.27346938779,8743.86,5232.736979166667,7.242265701293945
2026-05-14,19488492.804317288,18802484.212800264,686008.5915170237,18622221.20347354,17738298.671462763,866271.60084375,1064185.5413375,883922.5320107751,197913.94049375004,2230.2079200000003,2171.3805125,92.92533,93.721972,-15987.03333333321,9999.04,4266.542708333333,5.7163612842559814
2026-05-15,19606526.840593528,18885205.435566705,721321.4050268233,18740255.239749778,17821019.894229203,866271.60084375,1064185.5413375,919235.3455205746,197913.94049375004,2230.2079200000003,2174.2689630000004,92.92533,94.591626,-33439.27346938779,10000.0,4313.2359375,19.084997177124023
2026-05-16,21353199.120124143,20598640.59779119,754558.5223329514,20486927.519280393,19534455.05645369,866271.60084375,1064185.5413375,952472.4628267027,197913.94049375004,2230.2079200000003,2172.65560075,92.92533,94.412887,-29852.33435374126,9448.0,5004.204166666667,13.113762855529785
2026-05-17,22105325.992045384,21306869.67970176,798456.3123436235,21239054.391201634,20242684.13836426,866271.60084375,1064185.5413375,996370.2528373748,197913.94049375004,2230.2079200000003,2175.710907999999,92.92533,95.259424,-46840.6619047618,9551.19,5301.738958333332,5.519033193588257
2026-05-18,21173108.4434016,20412493.084015343,760615.3593862578,20306836.84255785,19348307.542677842,866271.60084375,1064185.5413375,958529.2998800091,197913.94049375004,2230.2079200000003,2172.820882,92.92533,94.591626,-33439.27346938779,9950.24,4932.961875,17.16195249557495
2026-05-19,21118821.55523559,20351035.983111612,767785.5721239783,20252549.95439184,19286850.44177411,866271.60084375,1064185.5413375,965699.5126177296,197913.94049375004,2230.2079200000003,2173.2390067500005,92.92533,94.779978,-37219.12653061212,9900.42,4911.486458333334,5.056074142456055
2026-05-20,22711280.03797348,21922078.188507676,789201.8494658023,21845008.43712973,20857892.647170175,866271.60084375,1064185.5413375,987115.7899595536,197913.94049375004,2230.2079200000003,2174.3708997499994,92.92533,95.259424,-46840.6619047618,9900.98,5541.4490625,12.515646934509277
2026-05-21,25185595.793382984,24394149.4918396,791446.3015433848,24319324.192539234,23329963.950502098,866271.60084375,1064185.5413375,989360.2420371361,197913.94049375004,2230.2079200000003,2169.296992,92.92533,95.112717,-43896.54183673463,8987.91,6520.266666666666,8.760644674301147
2026-05-22,24937124.081654605,24132055.51813162,805068.5635229833,24070852.480810855,23067869.97679412,866271.60084375,1064185.5413375,1002982.5040167347,197913.94049375004,2230.2079200000003,2169.7984832499997,92.92533,95.259424,-46840.6619047618,9970.86,6421.9734375,6.016188383102417
2026-05-23,24120917.75310727,23330447.44884897,790470.3042582981,23254646.15226352,22266261.90751147,866271.60084375,1064185.5413375,988384.2447520494,197913.94049375004,2230.2079200000003,2172.03511575,92.92533,95.259424,-46840.6619047618,9970.56,6099.089375,5.926218271255493
2026-05-24,19500736.60889007,18708398.41141076,792338.1974793114,18634465.00804632,17644212.87007326,866271.60084375,1064185.5413375,990252.1379730627,197913.94049375004,2230.2079200000003,2177.2602417499998,92.92533,95.259424,-46840.6619047618,9949.5,4271.38625,6.881976127624512
2026-05-25,24930623.526717007,24149371.25410034,781252.2726166658,24064351.925873257,23085185.71276284,866271.60084375,1064185.5413375,979166.2131104171,197913.94049375004,2230.2079200000003,2168.55851575,92.92533,94.790304,-37426.34897959186,7999.13,6419.4018750000005,8.540529727935791
2026-05-26,24800657.9821436,24022064.938940402,778593.0432031974,23934386.38129985,22957879.3976029,866271.60084375,1064185.5413375,976506.9836969487,197913.94049375004,2230.2079200000003,2168.20608975,92.92533,94.591626,-33439.27346938779,7900.33,6367.988645833334,8.409363746643066
2026-05-27,21775550.60448331,20997273.154477593,778277.4500057176,20909279.00363956,19933087.61314009,866271.60084375,1064185.5413375,976191.3904994689,197913.94049375004,2230.2079200000003,2174.2839024999994,92.92533,94.883523,-39297.07040816313,9970.56,5171.282708333333,8.829343557357788
2026-05-28,19851056.404309966,19196678.645667285,654377.758642681,18984784.803466216,18132493.104329783,866271.60084375,1064185.5413375,852291.6991364323,197913.94049375004,2230.2079200000003,2168.54450575,92.92533,93.611452,-13769.114965986228,9900.56,4409.9696875,20.22294592857361
2026-05-29,13966647.272632806,13711160.576918637,255486.69571416825,13100375.671789056,12646975.035581138,866271.60084375,1064185.5413375,453400.6362079177,197913.94049375004,2230.2079200000003,2164.69711175,92.92533,93.345683,-8435.65544217662,4999.13,2082.1490625,11.325006246566772
2026-05-30,13500753.10325579,13276867.921573317,223885.18168247305,12634481.50241204,12212682.380235817,866271.60084375,1064185.5413375,421799.1221762225,197913.94049375004,2230.2079200000003,2163.5198145000004,92.92533,93.13326,-4172.744897959288,3744.87,1897.8454166666668,4.496045351028442
2026-05-31,15709847.69179755,15300188.853748178,409658.83804937266,14843576.0909538,14236003.312410679,866271.60084375,1064185.5413375,607572.7785431221,197913.94049375004,2230.2079200000003,2166.9846090000005,92.92533,93.352205,-8566.539115646156,9970.5,2771.7438541666666,9.251617670059204
2026-06-01,19723211.893884983,19129757.91132979,593453.982555192,18856940.293041233,18065572.36999229,866271.60084375,1064185.5413375,791367.9230489433,197913.94049375004,2230.2079200000003,2168.4400252500004,92.92533,93.352205,-8566.539115646156,9000.04,4359.395520833333,8.289729356765747
2026-06-02,21244425.48470849,20498455.030705307,745970.454003185,20378153.88386474,19434269.489367805,866271.60084375,1064185.5413375,943884.3944969364,197913.94049375004,2230.2079200000003,2171.9603782500003,92.92533,94.183338,-25245.73877551034,9487.84,4961.174270833333,11.516805410385132
2026-06-03,23210073.803697273,22412217.28253496,797856.5211623125,22343802.202853523,21348031.74119746,866271.60084375,1064185.5413375,995770.4616560638,197913.94049375004,2230.2079200000003,2172.5632854999994,92.92533,95.259424,-46840.6619047618,9078.86,5738.767499999999,7.866471529006958
2026-06-04,18370068.733000442,17799408.527100693,570660.205899749,17503797.132156692,16735222.985763192,866271.60084375,1064185.5413375,768574.1463935003,197913.94049375004,2230.2079200000003,2168.0150912500003,92.92533,93.352205,-8566.539115646156,9990.02,3824.1039583333336,13.002912044525146
2026-06-05,17460725.43829087,16819485.528208714,641239.9100821577,16594453.837447122,15755299.986871213,866271.60084375,1064185.5413375,839153.850575909,197913.94049375004,2230.2079200000003,2173.21779225,92.92533,94.58384,-33283.023809523555,9999.25,3464.3757291666666,19.707004070281982
2026-06-06,18475574.84355602,17871680.424848754,603894.4187072664,17609303.24271227,16807494.883511253,866271.60084375,1064185.5413375,801808.3592010178,197913.94049375004,2230.2079200000003,2169.017927250001,92.92533,93.352205,-8566.539115646156,9600.62,3865.84125,25.32303762435913
2026-06-07,16218571.741792684,15830272.463048408,388299.2787442766,15352300.140948934,14766086.921710908,866271.60084375,1064185.5413375,586213.2192380261,197913.94049375004,2230.2079200000003,2165.94567125,92.92533,93.352205,-8566.539115646156,9976.82,2972.990625,26.896188974380493
2026-06-08,18316566.53530772,17662125.99230984,654440.5429978818,17450294.93446397,16597940.450972337,866271.60084375,1064185.5413375,852354.4834916331,197913.94049375004,2230.2079200000003,2170.4048430000003,92.92533,93.540562,-12346.492517006584,9600.38,3802.9389583333336,11.053245782852173
2026-06-09,18348332.016933545,17726924.82961307,621407.1873204745,17482060.416089796,16662739.28827557,866271.60084375,1064185.5413375,819321.1278142259,197913.94049375004,2230.2079200000003,2169.2346877500004,92.92533,93.352205,-8566.539115646156,9900.36,3815.5051041666666,15.578335046768188
2026-06-10,18157007.10049546,17595562.765878547,561444.3346169144,17290735.49965171,16531377.224541048,866271.60084375,1064185.5413375,759358.2751106638,197913.94049375004,2230.2079200000003,2168.5208657500007,92.92533,93.352205,-8566.539115646156,9399.21,3739.818645833333,17.985581398010254
2026-06-11,13993379.412514709,13755544.78150767,237834.63100703806,13127107.811670959,12691359.240170171,866271.60084375,1064185.5413375,435748.5715007875,197913.94049375004,2230.2079200000003,2163.1667580000003,92.92533,92.389075,10761.579931972781,4976.41,2092.7240625,15.59588074684143
2026-06-12,14988942.811187752,14613339.419200283,375603.39198746905,14122671.210344002,13549153.877862783,866271.60084375,1064185.5413375,573517.3324812185,197913.94049375004,2230.2079200000003,2167.8999207499996,92.92533,93.308965,-7698.797619047575,9974.67,2486.5602083333333,14.647161483764648
2026-06-13,14691016.114039948,14418463.693479735,272552.4205602128,13824744.513196198,13354278.152142236,866271.60084375,1064185.5413375,470466.36105396226,197913.94049375004,2230.2079200000003,2163.8620672499997,92.92533,92.469928,9139.019727891311,5100.13,2368.703020833333,12.521626472473145
2026-06-14,14339737.047682406,14079972.09000067,259764.95768173598,13473465.446838656,13015786.548663171,866271.60084375,1064185.5413375,457678.89817548543,197913.94049375004,2230.2079200000003,2163.97716675,92.92533,93.352205,-8566.539115646156,4099.72,2229.7401041666667,13.27052927017212
2026-06-15,16758560.177450335,16232885.292749368,525674.884700967,15892288.576606585,15168699.751411868,866271.60084375,1064185.5413375,723588.8251947165,197913.94049375004,2230.2079200000003,2169.13659,92.92533,93.394174,-9408.774149659788,9600.42,3186.6053125,13.468990802764893
2026-06-16,20087987.63638306,19382452.726820577,705534.9095624834,19221716.03553931,18318267.185483076,866271.60084375,1064185.5413375,903448.8500562347,197913.94049375004,2230.2079200000003,2169.55837025,92.92533,93.572745,-12992.341836734442,9600.62,4503.697604166667,39.645424365997314
2026-06-17,22762223.828740545,22006054.049665082,756169.7790754624,21895952.227896795,20941868.50832758,866271.60084375,1064185.5413375,954083.7195692137,197913.94049375004,2230.2079200000003,2172.170805,92.92533,94.591626,-33439.27346938779,7599.46,5561.601979166666,22.831204414367676
2026-06-18,25228213.965564683,24428863.470121823,799350.4954428598,24361942.364720933,23364677.928784322,866271.60084375,1064185.5413375,997264.4359366111,197913.94049375004,2230.2079200000003,2170.15183275,92.92533,95.259424,-46840.6619047618,7950.57,6537.126041666666,20.40453028678894
2026-06-19,23470589.72423375,22671747.408335038,798842.3158987127,22604318.12339,21607561.866997536,866271.60084375,1064185.5413375,996756.256392464,197913.94049375004,2230.2079200000003,2172.5166759999997,92.92533,95.259424,-46840.6619047618,9600.74,5841.8253125,5.948446035385132
2026-06-20,24774632.327006597,23983865.81647253,790766.5105340667,23908360.726162847,22919680.27513503,866271.60084375,1064185.5413375,988680.451027818,197913.94049375004,2230.2079200000003,2170.4158264999996,92.92533,95.259424,-46840.6619047618,9269.75,6357.693125000001,5.886412858963013
2026-06-21,20275949.44318194,19513527.022908688,762422.4202732518,19409677.84233819,18449341.481571186,866271.60084375,1064185.5413375,960336.3607670031,197913.94049375004,2230.2079200000003,2173.57887375,92.92533,94.591626,-33439.27346938779,9600.48,4578.053645833334,8.426681995391846
2026-06-22,19210283.6935219,18562366.50204669,647917.1914752088,18344012.09267815,17498180.960709188,866271.60084375,1064185.5413375,845831.1319689602,197913.94049375004,2230.2079200000003,2170.79285875,92.92533,94.025475,-22077.739795918344,9600.03,4156.485625,17.41326904296875
2026-06-23,18275350.00990095,17664609.329804193,610740.6800967567,17409078.4090572,16600423.788466694,866271.60084375,1064185.5413375,808654.6205905061,197913.94049375004,2230.2079200000003,2170.0815704999995,92.92533,93.941484,-20392.2061224489,9600.88,3786.6340625,16.54268741607666
2026-06-24,19742495.530606534,19081188.24955544,661307.2810510956,18876223.929762784,18017002.708217937,866271.60084375,1064185.5413375,859221.2215448469,197913.94049375004,2230.2079200000003,2168.88245825,92.92533,93.545374,-12443.05986394547,9229.71,4367.023958333333,17.716941118240356
2026-06-25,20611991.031815425,19852708.885302834,759282.1465125903,19745719.430971675,18788523.343965333,866271.60084375,1064185.5413375,957196.0870063417,197913.94049375004,2230.2079200000003,2174.39803125,92.92533,95.259424,-46840.6619047618,9600.61,4710.98875,10.027358293533325
2026-06-26,24278565.755655903,23454480.73263918,824085.0230167247,23412294.154812153,22390295.191301677,866271.60084375,1064185.5413375,1021998.963510476,197913.94049375004,2230.2079200000003,2170.307769,92.92533,95.259424,-46840.6619047618,9000.32,6161.453541666667,9.96446180343628
2026-06-27,26404393.098948095,25595107.98723129,809285.1117168032,25538121.498104345,24530922.44589379,866271.60084375,1064185.5413375,1007199.0522105545,197913.94049375004,2230.2079200000003,2168.4060342499997,92.92533,95.259424,-46840.6619047618,8522.18,7002.412187500001,7.053258657455444
2026-06-28,22540754.948775467,21692662.545308113,848092.4034673534,21674483.347931717,20628477.00397061,866271.60084375,1064185.5413375,1046006.3439611048,197913.94049375004,2230.2079200000003,2172.2855974999993,92.92533,95.259424,-46840.6619047618,9990.09,5473.990833333333,10.782712697982788
2026-06-29,19561447.689497955,18787301.58317348,774146.1063244753,18695176.088654205,17723116.04183598,866271.60084375,1064185.5413375,972060.0468182266,197913.94049375004,2230.2079200000003,2176.4320562499997,92.92533,95.259424,-46840.6619047618,9976.71,4295.403020833333,6.184159994125366
2026-06-30,16378567.232787415,15876210.59789132,502356.63489609584,15512295.631943665,14812025.05655382,866271.60084375,1064185.5413375,700270.5753898453,197913.94049375004,2230.2079200000003,2170.74833225,92.92533,94.591626,-33439.27346938779,9976.41,3036.2834375,13.89639139175415
2026-07-01,16065804.092677573,15710140.209639953,355663.8830376193,15199532.491833823,14645954.668302454,866271.60084375,1064185.5413375,553577.8235313687,197913.94049375004,2230.2079200000003,2165.5981762500005,92.92533,93.352205,-8566.539115646156,6334.34,2912.557083333333,14.889221429824829
2026-07-02,15452527.146728637,14948666.437237546,503860.70949109085,14586255.545884887,13884480.895900046,866271.60084375,1064185.5413375,701774.6499848403,197913.94049375004,2230.2079200000003,2171.9074315,92.92533,94.103311,-23639.75476190471,9950.51,2669.9501041666667,8.758898973464966
2026-07-03,16864123.42821823,16430912.175625475,433211.2525927555,15997851.82737448,15366726.634287976,866271.60084375,1064185.5413375,631125.1930865049,197913.94049375004,2230.2079200000003,2166.8199987499997,92.92533,93.163591,-4781.428231292404,9600.29,3228.365208333334,7.502187013626099
2026-07-04,16330091.26722694,15941242.075744873,388849.1914820671,15463819.66638319,14877056.534407374,866271.60084375,1064185.5413375,586763.1319758166,197913.94049375004,2230.2079200000003,2165.9982044999997,92.92533,92.938224,-258.75714285718277,9600.83,3017.1067708333335,12.20543909072876
2026-07-05,13244027.92233456,13003004.021605754,241023.900728805,12377756.32149081,11938818.480268255,866271.60084375,1064185.5413375,438937.84122255445,197913.94049375004,2230.2079200000003,2165.111933,92.92533,93.776787,-17087.06224489794,3973.17,1796.2871875,6.0679521560668945
2026-07-06,17168402.6950533,16502357.95986649,666044.7351868115,16302131.09420955,15438172.41852899,866271.60084375,1064185.5413375,863958.6756805591,197913.94049375004,2230.2079200000003,2173.9013725,92.92533,94.304712,-27681.475510203978,9976.65,3348.7354166666664,8.56198763847351
2026-07-07,16852698.018944435,16466525.09142369,386172.9275207445,15986426.418100683,15402339.55008619,866271.60084375,1064185.5413375,584086.8680144921,197913.94049375004,2230.2079200000003,2165.4853032500005,92.92533,93.192615,-5363.8826530613005,7600.04,3223.845416666667,14.501927614212036
2026-07-08,17017376.11084066,16461243.683350304,556132.4274903554,16151104.50999691,15397058.142012805,866271.60084375,1064185.5413375,754046.3679841049,197913.94049375004,2230.2079200000003,2169.8947275,92.92533,93.469361,-10917.628911564592,9600.92,3288.990625,8.76217532157898
2026-07-09,15666000.610072615,15379498.649952807,286501.9601198081,14799729.009228865,14315313.108615307,866271.60084375,1064185.5413375,484415.90061355755,197913.94049375004,2230.2079200000003,2163.02839625,92.92533,92.439318,9753.302040816518,4251.01,2754.398333333333,14.164655447006226
2026-07-10,16825966.93233833,16335371.958043976,490594.97429435514,15959695.331494581,15271186.416706476,866271.60084375,1064185.5413375,688508.9147881046,197913.94049375004,2230.2079200000003,2168.4478312500005,92.92533,93.352205,-8566.539115646156,9510.59,3213.2708333333335,10.232300519943237
2026-07-11,17674146.237844698,16944511.040930685,729635.1969140135,16807874.63700095,15880325.499593185,866271.60084375,1064185.5413375,927549.1374077629,197913.94049375004,2230.2079200000003,2176.05150175,92.92533,94.591626,-33439.27346938779,9990.16,3548.803125,10.015413522720337
2026-07-12,17264389.82553864,16666749.434139332,597640.3913993072,16398118.224694887,15602563.892801832,866271.60084375,1064185.5413375,795554.3318930548,197913.94049375004,2230.2079200000003,2172.21983325,92.92533,94.591626,-33439.27346938779,9999.02,3386.7070833333332,12.772009372711182
2026-07-13,20352990.248521663,19605082.31131186,747907.9372098036,19486718.647677913,18540896.76997436,866271.60084375,1064185.5413375,945821.8777035549,197913.94049375004,2230.2079200000003,2174.46500275,92.92533,94.591626,-33439.27346938779,9600.74,4608.5303125,15.683818340301514
2026-07-14,23539118.217852015,22749561.2828044,789556.9350476153,22672846.617008265,21685375.7414669,866271.60084375,1064185.5413375,987470.8755413666,197913.94049375004,2230.2079200000003,2172.35678675,92.92533,95.259424,-46840.6619047618,8562.45,5868.934583333333,9.308381080627441
2026-07-15,25949595.19015642,25133258.437335864,816336.7528205551,25083323.58931267,24069072.895998362,866271.60084375,1064185.5413375,1014250.6933143064,197913.94049375004,2230.2079200000003,2168.7343455,92.92533,95.259424,-46840.6619047618,8001.73,6822.498124999999,7.138760566711426
2026-07-16,28227162.448698886,27434856.269302852,792306.1793960333,27360890.847855136,26370670.72796535,866271.60084375,1064185.5413375,990220.1198897846,197913.94049375004,2230.2079200000003,2166.1083249999997,92.92533,95.259424,-46840.6619047618,7810.46,7723.483749999999,7.774414539337158
2026-07-17,26083040.494664226,25261344.26811473,821696.226549495,25216768.893820476,24197158.72677723,866271.60084375,1064185.5413375,1019610.1670432463,197913.94049375004,2230.2079200000003,2168.1201054999997,92.92533,95.259424,-46840.6619047618,8632.29,6875.287916666665,14.887636423110962
2026-07-18,25167183.21575057,24335873.306763515,831309.9089870565,24300911.61490682,23271687.765426014,866271.60084375,1064185.5413375,1029223.8494808078,197913.94049375004,2230.2079200000003,2169.1356575,92.92533,95.259424,-46840.6619047618,8920.52,6512.982812499999,6.236321926116943
2026-07-19,24461269.87296481,23624524.324383277,836745.5485815331,23594998.27212106,22560338.783045776,866271.60084375,1064185.5413375,1034659.4890752845,197913.94049375004,2230.2079200000003,2169.9077417499993,92.92533,95.259424,-46840.6619047618,9759.95,6233.7296875,4.939868688583374
2026-07-20,24565556.816778336,23739934.228207167,825622.5885711685,23699285.215934586,22675748.686869666,866271.60084375,1064185.5413375,1023536.5290649198,197913.94049375004,2230.2079200000003,2170.1438202499994,92.92533,95.259424,-46840.6619047618,9699.54,6274.9846875,4.175227642059326
2026-07-21,19177172.65205765,18523667.544525743,653505.1075319089,18310901.0512139,17459482.00318824,866271.60084375,1064185.5413375,851419.0480256602,197913.94049375004,2230.2079200000003,2170.4437312499995,92.92533,93.525861,-12051.472448979504,8496.6,4143.3871874999995,9.406625509262085
2026-07-22,15986450.556993263,15693343.77311906,293106.7838742025,15120178.956149513,14629158.23178156,866271.60084375,1064185.5413375,491020.724367952,197913.94049375004,2230.2079200000003,2163.0381935000005,92.92533,91.842674,21726.770068027312,4990.84,2881.1655208333336,13.08970022201538
2026-07-23,16688864.654242272,16315625.568272218,373239.08597005345,15822593.053398522,15251440.026934719,866271.60084375,1064185.5413375,571153.0264638029,197913.94049375004,2230.2079200000003,2164.9513504999995,92.92533,92.551835,7495.307823129464,7710.48,3159.0343749999997,22.1385760307312
2026-07-24,17844913.05383952,17245835.09856183,599077.9552776888,16978641.45299577,16181649.55722433,866271.60084375,1064185.5413375,796991.8957714401,197913.94049375004,2230.2079200000003,2169.7876152500003,92.92533,93.352205,-8566.539115646156,9951.79,3616.356979166667,13.319562911987305
2026-07-25,21875416.686432403,21132841.769496378,742574.916936025,21009145.085588653,20068656.228158876,866271.60084375,1064185.5413375,940488.8574297763,197913.94049375004,2230.2079200000003,2172.4854910000004,92.92533,94.468642,-30971.227210884215,8289.89,5210.788854166666,9.11936616897583
2026-07-26,20616618.072418306,19873003.376829553,743614.6955887526,19750346.471574556,18808817.835492052,866271.60084375,1064185.5413375,941528.636082504,197913.94049375004,2230.2079200000003,2172.3745974999997,92.92533,94.657469,-34760.61258503399,9600.24,4712.819166666667,14.990354061126709
2026-07-27,21468499.642372467,20696725.31883101,771774.323541455,20602228.041528717,19632539.77749351,866271.60084375,1064185.5413375,969688.2640352063,197913.94049375004,2230.2079200000003,2173.552939,92.92533,94.691763,-35448.82551020384,9600.68,5049.816041666666,8.146478176116943
2026-07-28,19434646.185436964,18705433.582505196,729212.6029317677,18568374.584593214,17641248.041167695,866271.60084375,1064185.5413375,927126.543425519,197913.94049375004,2230.2079200000003,2174.3965005,92.92533,94.84356,-38495.09183673444,9900.67,4245.241458333334,19.618510007858276
2026-07-29,19711370.96730688,18983834.305588167,727536.6617187113,18845099.36646313,17919648.764250666,866271.60084375,1064185.5413375,925450.6022124626,197913.94049375004,2230.2079200000003,2173.4497592499997,92.92533,94.097715,-23527.45408163243,9600.07,4354.711354166667,10.762120962142944
2026-07-30,21209744.27234082,20459503.13127436,750241.1410664581,20343472.67149707,19395317.58993686,866271.60084375,1064185.5413375,948155.0815602094,197913.94049375004,2230.2079200000003,2172.4053635,92.92533,94.591626,-33439.27346938779,9950.94,4947.454687500001,15.170522689819336
2026-07-31,19996480.087888177,19253600.017499443,742880.0703887343,19130208.487044428,18189414.476161942,866271.60084375,1064185.5413375,940794.0108824857,197913.94049375004,2230.2079200000003,2174.9199132500003,92.92533,94.591626,-33439.27346938779,9976.32,4467.498020833334,12.193501234054565
2026-08-01,21046700.86449096,20291083.516911738,755617.3475792222,20180429.26364721,19226897.975574236,866271.60084375,1064185.5413375,953531.2880729735,197913.94049375004,2230.2079200000003,2172.6315402500004,92.92533,94.591626,-33439.27346938779,9600.98,4882.956145833334,14.478257656097412
2026-08-02,19759622.058483396,19092517.286623176,667104.7718602195,18893350.457639646,18028331.745285675,866271.60084375,1064185.5413375,865018.7123539709,197913.94049375004,2230.2079200000003,2171.2052320000003,92.92533,93.942715,-20416.909863945562,9250.69,4373.7990625,18.937641620635986
2026-08-03,22347400.896502767,21593641.614779774,753759.2817229927,21481129.295659017,20529456.073442273,866271.60084375,1064185.5413375,951673.222216744,197913.94049375004,2230.2079200000003,2172.4682205000004,92.92533,94.591626,-33439.27346938779,8921.1,5397.501666666667,17.641209602355957
2026-08-04,21043874.13555447,20288312.419286683,755561.7162677869,20177602.53471072,19224126.877949182,866271.60084375,1064185.5413375,953475.6567615382,197913.94049375004,2230.2079200000003,2172.5442184999997,92.92533,94.47785,-31156.01360544213,8562.18,4881.837916666666,20.374289751052856
2026-08-05,18321250.45280397,17617679.341208972,703571.1115949973,17454978.85196022,16553493.799871473,866271.60084375,1064185.5413375,901485.0520887468,197913.94049375004,2230.2079200000003,2175.4980227500005,92.92533,94.591626,-33439.27346938779,9970.05,3804.7918750000003,21.54682230949402
2026-08-06,15493281.810695758,15188220.425908675,305061.3847870827,14627010.209852008,14124034.884571176,866271.60084375,1064185.5413375,502975.3252808321,197913.94049375004,2230.2079200000003,2163.9006514999996,92.92533,92.721104,4098.412925170269,5021.96,2686.072291666667,10.249917030334473
