date,flat_bill_rs,prana_bill_rs,saving_rs,flat_elec_rs,prana_elec_rs,flat_alt_rs,prana_alt_rs,flat_wear_rs,prana_wear_rs,elec_saving_rs,alt_extra_rs,wear_extra_rs,flat_mwh,prana_mwh,flat_peak_mw,prana_peak_mw,md_saving_rs,rtm_spread_rs_mwh,rtm_mean_rs_mwh,solve_s
2026-04-09,13247920.463196935,13201385.706136923,46534.75706001185,13247920.463196935,13171625.065336924,0.0,0.0,0.0,29760.640799999997,76295.39786001109,0.0,29760.640799999997,1895.9615760000006,1899.77479925,78.998399,82.884367,-85914.25850340119,5251.88,2989.4090624999994,0.7105090618133545
2026-04-10,14549605.328949789,14110166.998364892,439438.3305848967,14549605.328949789,14085638.998364892,0.0,0.0,0.0,24527.999999999996,463966.3305848967,0.0,24527.999999999996,1895.9615760000006,1900.4534625000001,78.998399,82.884367,-85914.25850340119,9950.13,3595.1240624999996,1.0114831924438477
2026-04-11,16336830.676895896,15894654.978944518,442175.6979513783,16336830.676895896,15764788.822244518,0.0,0.0,0.0,129866.1567,572041.8546513785,0.0,129866.1567,1895.9615760000006,1902.6067277500001,78.998399,85.0,-132688.45748299314,9563.64,4426.776354166667,0.7918682098388672
2026-04-12,16001670.436162457,15647819.784852307,353850.6513101496,16001670.436162457,15588100.515882298,0.0,0.0,0.0,59719.26897000925,413569.9202801585,0.0,59719.26897000925,1895.9615760000006,1900.24638,78.998399,83.489282,-99288.22959183669,9900.25,4270.815729166666,0.7302188873291016
2026-04-13,17909534.46102813,17452829.561567906,456704.8994602226,17909534.46102813,17336927.982512906,0.0,0.0,0.0,115901.57905500001,572606.4785152227,0.0,115901.57905500001,1895.9615760000006,1901.09876725,78.998399,85.0,-132688.45748299314,8483.94,5158.605,0.6989738941192627
2026-04-14,18312734.230548702,17866967.036102254,445767.19444644824,18312734.230548702,17755092.439794753,0.0,0.0,0.0,111874.5963075,557641.7907539494,0.0,111874.5963075,1895.9615760000006,1900.25677475,78.998399,85.0,-132688.45748299314,9600.69,5346.2265625,0.6739187240600586
2026-04-15,18074904.463552095,17611493.268773355,463411.1947787404,18074904.463552095,17496478.353210855,0.0,0.0,0.0,115014.9155625,578426.1103412397,0.0,115014.9155625,1895.9615760000006,1900.429256,78.998399,85.0,-132688.45748299314,10000.0,5235.556874999999,0.6882143020629883
2026-04-16,21356310.725539356,21062703.34353729,293607.3820020668,21356310.725539356,20985860.99378229,0.0,0.0,0.0,76842.349755,370449.73175706714,0.0,76842.349755,1895.9615760000006,1897.6455025,78.998399,85.0,-132688.45748299314,8558.32,6762.498645833333,0.7438249588012695
2026-04-17,21446867.131005198,21160246.544325843,286620.5866793543,21446867.131005198,21081795.223553345,0.0,0.0,0.0,78451.3207725,365071.90745185316,0.0,78451.3207725,1895.9615760000006,1897.66879625,78.998399,85.0,-132688.45748299314,8150.78,6804.637395833334,0.6616542339324951
2026-04-18,21287065.067415982,20988304.212132443,298760.85528353974,21287065.067415982,20909852.89039244,0.0,0.0,0.0,78451.32174,377212.1770235412,0.0,78451.32174,1895.9615760000006,1897.668802,78.998399,85.0,-132688.45748299314,8150.33,6730.276458333334,0.7724196910858154
2026-04-19,18737443.978129864,18278663.813746303,458780.1643835604,18737443.978129864,18182762.394548804,0.0,0.0,0.0,95901.4191975,554681.5835810602,0.0,95901.4191975,1895.9615760000006,1898.5523729999998,78.998399,85.0,-132688.45748299314,9600.59,5543.857395833333,0.8484525680541992
2026-04-20,20195163.8799162,19854340.38237445,340823.497541748,20195163.8799162,19750711.81636945,0.0,0.0,0.0,103628.56600500003,444452.06354674697,0.0,103628.56600500003,1895.9615760000006,1898.6501694999997,78.998399,85.0,-132688.45748299314,8380.1,6222.180416666666,0.682004451751709
2026-04-21,20935014.986589797,20613731.67410002,321283.3124897778,20935014.986589797,20533316.887220018,0.0,0.0,0.0,80414.78688,401698.09936977923,0.0,80414.78688,1895.9615760000006,1897.76948675,78.998399,85.0,-132688.45748299314,8200.630000000001,6566.456458333334,0.6753890514373779
2026-04-22,19651266.92954617,19278168.933825612,373097.99572055787,19651266.92954617,19182277.588568114,0.0,0.0,0.0,95891.34525750001,468989.3409780562,0.0,95891.34525750001,1895.9615760000006,1898.76661475,78.998399,85.0,-132688.45748299314,8455.17,5969.088020833333,0.6261372566223145
2026-04-23,21250369.231539465,20945106.00038663,305263.23115283623,21250369.231539465,20869951.37501663,0.0,0.0,0.0,75154.62537000001,380417.8565228358,0.0,75154.62537000001,1895.9615760000006,1897.5835049999998,78.998399,85.0,-132688.45748299314,8675.119999999999,6713.200729166667,0.6292862892150879
2026-04-24,22608967.597818486,22397668.467386737,211299.13043174893,22608967.597818486,22327838.378771737,0.0,0.0,0.0,69830.088615,281129.2190467492,0.0,69830.088615,1895.9615760000006,1897.35882675,78.998399,85.0,-132688.45748299314,7610.12,7345.399375000001,0.9677777290344238
2026-04-25,23106020.70540776,22923973.7831332,182046.92227455974,23106020.70540776,22862391.310068026,0.0,0.0,0.0,61582.47306517588,243629.39533973485,0.0,61582.47306517588,1895.9615760000006,1897.1262434999999,78.998399,85.0,-132688.45748299314,7548.2,7576.693854166667,1.2393271923065186
2026-04-26,20138121.215205356,19764966.139375743,373155.07582961395,20138121.215205356,19680736.731280744,0.0,0.0,0.0,84229.408095,457384.4839246124,0.0,84229.408095,1895.9615760000006,1897.9377769999999,78.998399,85.0,-132688.45748299314,9992.7,6195.636666666668,0.8701400756835938
2026-04-27,18483406.456431672,18032959.855877277,450446.60055439547,18483406.456431672,17921099.390807275,0.0,0.0,0.0,111860.46507,562307.0656243972,0.0,111860.46507,1895.9615760000006,1899.6600134999999,78.998399,85.0,-132688.45748299314,9958.55,5425.645729166667,1.2274885177612305
2026-04-28,17228461.564860456,16718806.123240191,509655.4416202642,17228461.564860456,16594150.279787691,0.0,0.0,0.0,124655.84345249999,634311.2850727644,0.0,124655.84345249999,1895.9615760000006,1901.10648525,78.998399,85.0,-132688.45748299314,9990.68,4841.6803125,1.9319627285003662
2026-04-29,12854310.854569845,12610045.300564056,244265.55400578864,12854310.854569845,12591941.301364057,0.0,0.0,0.0,18103.999200000002,262369.55320578814,0.0,18103.999200000002,1895.9615760000006,1899.7784147500001,78.998399,82.884367,-85914.25850340119,9900.8,2806.250104166667,1.4616708755493164
2026-04-30,11412823.779215924,11412823.779215924,0.0,11412823.779215924,11412823.779215924,0.0,0.0,0.0,0.0,0.0,0.0,0.0,1895.9615760000006,1895.9615760000006,78.998399,78.998399,0.0,3619.1800000000003,2135.4807291666666,0.9292733669281006
2026-05-01,10444359.005169557,10400565.18944604,43793.81572351791,10444359.005169557,10387167.54224604,0.0,0.0,0.0,13397.647199999992,57191.46292351745,0.0,13397.647199999992,1895.9615760000006,1899.58068525,78.998399,82.884367,-85914.25850340119,4000.63,1684.8235416666666,1.8607044219970703
2026-05-02,11861151.321084497,11854362.551311383,6788.769773114473,11861151.321084497,11844306.708511382,0.0,0.0,0.0,10055.842799999995,16844.612573115155,0.0,10055.842799999995,1895.9615760000006,1896.9965830000003,78.998399,82.272458,-72385.65816326533,3813.97,2344.101666666667,1.4359228610992432
2026-05-03,10716717.694164643,10654926.723721748,61790.970442894846,10716717.694164643,10641433.402921747,0.0,0.0,0.0,13493.320799999956,75284.29124289565,0.0,13493.320799999956,1895.9615760000006,1898.27927775,78.998399,82.884367,-85914.25850340119,4005.62,1811.560625,0.7451632022857666
2026-05-04,11355901.772209657,11346266.902109616,9634.870100041851,11355901.772209657,11337702.421709616,0.0,0.0,0.0,8564.480399999999,18199.35050004162,0.0,8564.480399999999,1895.9615760000006,1897.47367725,78.998399,81.304617,-50987.81292516994,3921.9,2108.993125,1.659212350845337
2026-05-05,12413061.823417943,12406479.47284367,6582.350574273616,12413061.823417943,12398115.258539747,0.0,0.0,0.0,8364.214303921417,14946.564878195524,0.0,8364.214303921417,1895.9615760000006,1896.6206815,78.998399,80.858676,-41128.5731292516,4601.04,2600.9230208333333,2.5096092224121094
2026-05-06,13259388.09379032,13222862.962497963,36525.13129235804,13259388.09379032,13210999.976427682,0.0,0.0,0.0,11862.98607028103,48388.117362638935,0.0,11862.98607028103,1895.9615760000006,1898.8871422500001,78.998399,82.884367,-85914.25850340119,4650.99,2994.7453125000006,1.0618834495544434
2026-05-07,13153562.556545474,13148930.50300257,4632.053542904556,13153562.556545474,13145354.532054292,0.0,0.0,0.0,3575.970948276295,8208.024491181597,0.0,3575.970948276295,1895.9615760000006,1896.5483919999997,78.998399,80.807904,-40006.06292516994,4511.53,2945.5013541666667,0.9461817741394043
2026-05-08,13941894.779564278,13900336.811049242,41557.96851503663,13941894.779564278,13889474.409849241,0.0,0.0,0.0,10862.401199999997,52420.369715036824,0.0,10862.401199999997,1895.9615760000006,1898.9049989999999,78.998399,82.884367,-85914.25850340119,4299.82,3312.3371875,0.7925286293029785
2026-05-09,13586531.42473925,13569186.020101367,17345.40463788435,13586531.42473925,13551741.940501366,0.0,0.0,0.0,17444.0796,34789.4842378851,0.0,17444.0796,1895.9615760000006,1897.9699234999998,78.998399,82.884367,-85914.25850340119,4951.5,3146.9754166666667,0.8177692890167236
2026-05-10,13282524.376533138,13010225.39100198,272298.9855311569,13282524.376533138,12995041.39140198,0.0,0.0,0.0,15183.9996,287482.98513115756,0.0,15183.9996,1895.9615760000006,1900.20916975,78.998399,82.884367,-85914.25850340119,9970.29,3005.5113541666665,1.9211299419403076
2026-05-11,16851103.58646389,16323482.642241953,527620.944221938,16851103.58646389,16198627.730076954,0.0,0.0,0.0,124854.912165,652475.8563869372,0.0,124854.912165,1895.9615760000006,1901.7712389999997,78.998399,85.0,-132688.45748299314,9951.49,4666.083750000001,1.9703054428100586
2026-05-12,19624161.702272616,19243552.460457973,380609.24181464314,19624161.702272616,19139375.729727972,0.0,0.0,0.0,104176.73073000001,484785.972544644,0.0,104176.73073000001,1895.9615760000006,1899.0073779999998,78.998399,85.0,-132688.45748299314,8436.7,5956.475104166667,2.9459221363067627
2026-05-13,18068844.491900004,17648532.464321453,420312.0275785513,18068844.491900004,17530560.647726454,0.0,0.0,0.0,117971.816595,538283.8441735506,0.0,117971.816595,1895.9615760000006,1901.6652015,78.998399,85.0,-132688.45748299314,8743.86,5232.736979166667,3.8193490505218506
2026-05-14,15992487.690894803,15514117.998133143,478369.6927616596,15992487.690894803,15408899.22162725,0.0,0.0,0.0,105218.77650589368,583588.4692675527,0.0,105218.77650589368,1895.9615760000006,1902.49412725,78.998399,84.48436,-121288.25340136047,9999.04,4266.542708333333,3.258556365966797
2026-05-15,16092831.697134336,15578537.48352909,514294.2136052456,16092831.697134336,15452173.235319091,0.0,0.0,0.0,126364.24821,640658.4618152454,0.0,126364.24821,1895.9615760000006,1902.879336,78.998399,85.0,-132688.45748299314,10000.0,4313.2359375,0.9946374893188477
2026-05-16,17577726.22116346,17100450.979761958,477275.241401501,17577726.22116346,16974739.208781958,0.0,0.0,0.0,125711.77098,602987.0123815015,0.0,125711.77098,1895.9615760000006,1901.29430875,78.998399,85.0,-132688.45748299314,9448.0,5004.204166666667,1.0040645599365234
2026-05-17,18217130.12456263,17749790.945890673,467339.17867195606,18217130.12456263,17637545.37322067,0.0,0.0,0.0,112245.57267000001,579584.7513419576,0.0,112245.57267000001,1895.9615760000006,1899.78494375,78.998399,85.0,-132688.45748299314,9551.19,5301.738958333332,0.7580382823944092
2026-05-18,17424626.14461913,16934682.009147465,489944.13547166437,17424626.14461913,16808217.722974963,0.0,0.0,0.0,126464.2861725,616408.4216441661,0.0,126464.2861725,1895.9615760000006,1901.2370270000001,78.998399,85.0,-132688.45748299314,9950.24,4932.961875,0.8040943145751953
2026-05-19,17378475.356111765,16881688.232944183,496787.12316758186,17378475.356111765,16758161.563549183,0.0,0.0,0.0,123526.66939499999,620313.7925625816,0.0,123526.66939499999,1895.9615760000006,1901.0469157500002,78.998399,85.0,-132688.45748299314,9900.42,4911.486458333334,1.390817642211914
2026-05-20,18732268.4565534,18303390.033790883,428878.4227625169,18732268.4565534,18196084.95587588,0.0,0.0,0.0,107305.077915,536183.5006775185,0.0,107305.077915,1895.9615760000006,1899.6534847499997,78.998399,85.0,-132688.45748299314,9900.98,5541.4490625,0.762505292892456
2026-05-21,20835752.870306104,20531954.72295683,303798.14734927565,20835752.870306104,20437053.732951827,0.0,0.0,0.0,94900.99000500001,398699.1373542771,0.0,94900.99000500001,1895.9615760000006,1898.5274924999999,78.998399,85.0,-132688.45748299314,8987.91,6520.266666666666,0.9746894836425781
2026-05-22,20624520.180324465,20299261.645429287,325258.53489517793,20624520.180324465,20206349.859409288,0.0,0.0,0.0,92911.78602000001,418170.32091517746,0.0,92911.78602000001,1895.9615760000006,1898.3379309999998,78.998399,85.0,-132688.45748299314,9970.86,6421.9734375,0.9401199817657471
2026-05-23,19930640.55451192,19573314.268092223,357326.2864196971,19930640.55451192,19470285.44412472,0.0,0.0,0.0,103028.8239675,460355.1103871986,0.0,103028.8239675,1895.9615760000006,1898.9808067499998,78.998399,85.0,-132688.45748299314,9970.56,6099.089375,1.3651278018951416
2026-05-24,16002896.488570515,15413405.042735692,589491.445834823,16002896.488570515,15284758.296223192,0.0,0.0,0.0,128646.74651249999,718138.1923473235,0.0,128646.74651249999,1895.9615760000006,1901.4226212500002,78.998399,85.0,-132688.45748299314,9949.5,4271.38625,0.9746410846710205
2026-05-25,20618993.878371254,20311513.502254948,307480.3761163056,20618993.878371254,20222119.818589948,0.0,0.0,0.0,89393.68366499999,396874.0597813055,0.0,89393.68366499999,1895.9615760000006,1898.7172887499999,78.998399,85.0,-132688.45748299314,7999.13,6419.4018750000005,1.3320465087890625
2026-05-26,20508506.566177018,20193985.244680915,314521.32149610296,20508506.566177018,20094738.373105913,0.0,0.0,0.0,99246.871575,413768.1930711046,0.0,99246.871575,1895.9615760000006,1898.9101012499998,78.998399,85.0,-132688.45748299314,7900.33,6367.988645833334,1.2298870086669922
2026-05-27,17936778.925949633,17465551.546984512,471227.37896512076,17936778.925949633,17347017.68313451,0.0,0.0,0.0,118533.86385000001,589761.242815122,0.0,118533.86385000001,1895.9615760000006,1900.3366810000002,78.998399,85.0,-132688.45748299314,9970.56,5171.282708333333,1.040783166885376
2026-05-28,16300713.057811422,15893969.197975615,406743.85983580723,16300713.057811422,15814057.28391289,0.0,0.0,0.0,79911.91406272531,486655.7738985326,0.0,79911.91406272531,1895.9615760000006,1901.4034225000003,78.998399,83.979129,-110118.18027210888,9900.56,4409.9696875,0.9983875751495361
2026-05-29,11298213.734284932,11244975.646696128,53238.08758880384,11298213.734284932,11226614.686696127,0.0,0.0,0.0,18360.96,71599.04758880474,0.0,18360.96,1895.9615760000006,1898.4668009999998,78.998399,82.884367,-85914.25850340119,4999.13,2082.1490625,1.6440799236297607
2026-05-30,10902144.185925847,10885275.332599925,16868.853325922042,10902144.185925847,10875099.716599924,0.0,0.0,0.0,10175.615999999989,27044.46932592243,0.0,10175.615999999989,1895.9615760000006,1896.95278175,78.998399,82.884367,-85914.25850340119,3744.87,1897.8454166666668,0.9786934852600098
2026-05-31,12780156.733574187,12539655.540878823,240501.19269536436,12780156.733574187,12527391.540878823,0.0,0.0,0.0,12263.999999999998,252765.19269536436,0.0,12263.999999999998,1895.9615760000006,1900.6937154999998,78.998399,82.884367,-85914.25850340119,9970.5,2771.7438541666666,0.7790007591247559
2026-06-01,16192028.895543586,15839744.614902698,352284.28064088896,16192028.895543586,15815216.614902698,0.0,0.0,0.0,24527.999999999996,376812.28064088896,0.0,24527.999999999996,1895.9615760000006,1900.61589925,78.998399,82.884367,-85914.25850340119,9000.04,4359.395520833333,0.7829430103302002
2026-06-02,17485254.73840148,17008371.767203882,476882.9711975977,17485254.73840148,16878067.985053882,0.0,0.0,0.0,130303.78215,607186.753347598,0.0,130303.78215,1895.9615760000006,1901.7234322499999,78.998399,85.0,-132688.45748299314,9487.84,4961.174270833333,0.7154793739318848
2026-06-03,19156306.863770902,18756770.10308106,399536.76068984345,19156306.863770902,18648116.647566058,0.0,0.0,0.0,108653.45551500001,508190.2162048444,0.0,108653.45551500001,1895.9615760000006,1899.64443175,78.998399,85.0,-132688.45748299314,9078.86,5738.767499999999,0.6942815780639648
2026-06-04,15041684.38422812,14681803.757951465,359880.6262766551,15041684.38422812,14652895.757951465,0.0,0.0,0.0,28907.999999999996,388788.6262766551,0.0,28907.999999999996,1895.9615760000006,1900.41689325,78.998399,82.884367,-85914.25850340119,9990.02,3824.1039583333336,0.6510601043701172
2026-06-05,14268626.44164733,13763437.441500032,505189.000147298,14268626.44164733,13742620.713998076,0.0,0.0,0.0,20816.72750195765,526005.7276492547,0.0,20816.72750195765,1895.9615760000006,1900.9622477499997,78.998399,83.11736,-91065.46428571432,9999.25,3464.3757291666666,0.5633764266967773
2026-06-06,15131378.053528061,14736104.992193475,395273.0613345858,15131378.053528061,14684026.321553476,0.0,0.0,0.0,52078.67064,447351.731974585,0.0,52078.67064,1895.9615760000006,1900.66926925,78.998399,83.237012,-93710.83163265279,9600.62,3865.84125,0.6747748851776123
2026-06-07,13212637.15072645,13048730.018906774,163907.1318196766,13212637.15072645,13025440.098506775,0.0,0.0,0.0,23289.9204,187197.05221967585,0.0,23289.9204,1895.9615760000006,1900.125399,78.998399,82.884367,-85914.25850340119,9976.82,2972.990625,0.6221082210540771
2026-06-08,14996200.682844369,14504466.990264883,491733.6925794855,14996200.682844369,14471488.755317358,0.0,0.0,0.0,32978.234947524325,524711.9275270104,0.0,32978.234947524325,1895.9615760000006,1901.218663,78.998399,83.263658,-94299.943877551,9600.38,3802.9389583333336,0.7405223846435547
2026-06-09,15023205.399339903,14578128.425188709,445076.9741511941,15023205.399339903,14547676.34684271,0.0,0.0,0.0,30452.078345999995,475529.0524971932,0.0,30452.078345999995,1895.9615760000006,1900.7810927499995,78.998399,82.99911,-88451.09353741491,9900.36,3815.5051041666666,0.6161019802093506
2026-06-10,14860554.784190973,14494271.542243501,366283.2419474721,14860554.784190973,14462735.542243501,0.0,0.0,0.0,31535.999999999996,397819.2419474721,0.0,31535.999999999996,1895.9615760000006,1900.4073254999998,78.998399,82.884367,-85914.25850340119,9399.21,3739.818645833333,0.6528670787811279
2026-06-11,11320939.467435567,11296739.01009167,24200.45734389685,11320939.467435567,11285153.28489167,0.0,0.0,0.0,11585.7252,35786.18254389614,0.0,11585.7252,1895.9615760000006,1898.1564132499998,78.998399,81.374016,-52522.14455782296,4976.41,2092.7240625,0.6773231029510498
2026-06-12,12167295.510488296,11969056.219848339,198239.2906399574,12167295.510488296,11944528.219848339,0.0,0.0,0.0,24527.999999999996,222767.2906399574,0.0,24527.999999999996,1895.9615760000006,1900.0990352499998,78.998399,82.884367,-85914.25850340119,9974.67,2486.5602083333333,0.7398374080657959
2026-06-13,11914019.766468506,11855749.089367762,58270.6771007441,11914019.766468506,11843485.090131368,0.0,0.0,0.0,12263.999236394422,70534.67633713782,0.0,12263.999236394422,1895.9615760000006,1900.37316475,78.998399,82.884367,-85914.25850340119,5100.13,2368.703020833333,0.6144404411315918
2026-06-14,11615387.694411723,11572775.77424652,42611.92016520351,11615387.694411723,11563073.587046519,0.0,0.0,0.0,9702.187199999966,52314.10736520402,0.0,9702.187199999966,1895.9615760000006,1897.3248547499998,78.998399,82.884367,-85914.25850340119,4099.72,2229.7401041666667,0.6650354862213135
2026-06-15,13671696.288805043,13303298.41725614,368397.8715489041,13671696.288805043,13291034.41725614,0.0,0.0,0.0,12263.999999999998,380661.8715489041,0.0,12263.999999999998,1895.9615760000006,1900.5591312499998,78.998399,82.884367,-85914.25850340119,9600.42,3186.6053125,0.6119775772094727
2026-06-16,16502134.866126461,16012986.359047947,489148.5070785135,16502134.866126461,15905960.997277947,0.0,0.0,0.0,107025.36176999999,596173.8688485138,0.0,107025.36176999999,1895.9615760000006,1902.9707975000001,78.998399,84.71388,-126362.67517006793,9600.62,4503.697604166667,0.6586260795593262
2026-06-17,18775577.185288496,18379047.21461524,396529.9706732556,18775577.185288496,18259012.441982742,0.0,0.0,0.0,120034.7726325,516564.7433057539,0.0,120034.7726325,1895.9615760000006,1900.977908,78.998399,85.0,-132688.45748299314,7599.46,5561.601979166666,0.8126838207244873
2026-06-18,20871983.759888746,20576792.826116834,295190.933771912,20871983.759888746,20480712.246836834,0.0,0.0,0.0,96080.57928,391271.5130519122,0.0,96080.57928,1895.9615760000006,1898.3682682499998,78.998399,85.0,-132688.45748299314,7950.57,6537.126041666666,0.5881919860839844
2026-06-19,19377778.669535734,19001555.050215587,376223.61932014674,19377778.669535734,18888345.322380587,0.0,0.0,0.0,113209.727835,489433.3471551463,0.0,113209.727835,1895.9615760000006,1899.6314549999997,78.998399,85.0,-132688.45748299314,9600.74,5841.8253125,0.6305310726165771
2026-06-20,20486381.43529237,20175177.72988622,311203.7054061517,20486381.43529237,20067985.67169872,0.0,0.0,0.0,107192.05818749999,418395.76359365135,0.0,107192.05818749999,1895.9615760000006,1898.80218625,78.998399,85.0,-132688.45748299314,9269.75,6357.693125000001,0.5912742614746094
2026-06-21,16661926.408542927,16132464.399907352,529462.008635575,16661926.408542927,15995859.709342353,0.0,0.0,0.0,136604.690565,666066.6992005743,0.0,136604.690565,1895.9615760000006,1901.7884937499998,78.998399,85.0,-132688.45748299314,9600.48,4578.053645833334,0.572761058807373
2026-06-22,15755974.413621001,15337822.474779906,418151.9388410952,15755974.413621001,15289695.882347405,0.0,0.0,0.0,48126.5924325,466278.531273596,0.0,48126.5924325,1895.9615760000006,1900.7872212499997,78.998399,83.456554,-98564.65136054414,9600.03,4156.485625,0.6441125869750977
2026-06-23,14961161.372039903,14546007.889313852,415153.48272605054,14961161.372039903,14499812.463687602,0.0,0.0,0.0,46195.42562624999,461348.9083523005,0.0,46195.42562624999,1895.9615760000006,1900.6752144999998,78.998399,83.157167,-91945.55102040805,9600.88,3786.6340625,0.5709998607635498
2026-06-24,16208422.449678933,15784175.968425548,424246.48125338554,16208422.449678933,15724966.488083048,0.0,0.0,0.0,59209.48034249999,483455.96159588546,0.0,59209.48034249999,1895.9615760000006,1901.4399872499998,78.998399,83.835018,-106932.05272108852,9229.71,4367.023958333333,0.5631179809570312
2026-06-25,16947604.678391002,16440103.746355638,507500.9320353642,16947604.678391002,16311204.957168138,0.0,0.0,0.0,128898.78918750046,636399.7212228645,0.0,128898.78918750046,1895.9615760000006,1902.2011212499997,78.998399,85.0,-132688.45748299314,9600.61,4710.98875,0.695713996887207
2026-06-26,20064661.491611525,19705153.518503044,359507.9731084816,20064661.491611525,19611224.395230543,0.0,0.0,0.0,93929.12327250002,453437.09638098255,0.0,93929.12327250002,1895.9615760000006,1898.4239297499998,78.998399,85.0,-132688.45748299314,9000.32,6161.453541666667,0.8620686531066895
2026-06-27,21871886.245836303,21614889.506914508,256996.73892179504,21871886.245836303,21538234.855159506,0.0,0.0,0.0,76654.651755,333651.39067679644,0.0,76654.651755,1895.9615760000006,1897.6068027500003,78.998399,85.0,-132688.45748299314,8522.18,7002.412187500001,0.5720057487487793
2026-06-28,18587300.351129666,18115852.199859127,471448.15127053857,18587300.351129666,18019503.993249126,0.0,0.0,0.0,96348.20661,567796.3578805402,0.0,96348.20661,1895.9615760000006,1898.6390702499998,78.998399,85.0,-132688.45748299314,9990.09,5473.990833333333,0.6806628704071045
2026-06-29,16054508.66115664,15475798.939912109,578709.7212445308,16054508.66115664,15346051.74325461,0.0,0.0,0.0,129747.1966575,708456.91790203,0.0,129747.1966575,1895.9615760000006,1902.0518337499998,78.998399,85.0,-132688.45748299314,9976.71,4295.403020833333,0.513953447341919
2026-06-30,13348653.7528284,13038257.406651296,310396.34617710486,13348653.7528284,13001465.406345462,0.0,0.0,0.0,36792.00030583352,347188.34648293816,0.0,36792.00030583352,1895.9615760000006,1899.4687722499998,78.998399,82.884367,-85914.25850340119,9976.41,3036.2834375,0.5601942539215088
2026-07-01,13082765.137368115,12956551.21602913,126213.92133898474,13082765.137368115,12944287.220306017,0.0,0.0,0.0,12263.995723112857,138477.91706209816,0.0,12263.995723112857,1895.9615760000006,1900.61143675,78.998399,82.884367,-85914.25850340119,6334.34,2912.557083333333,0.5669505596160889
2026-07-02,12561401.405072784,12198708.982667573,362692.42240521125,12561401.405072784,12182392.022267573,0.0,0.0,0.0,16316.960399999998,379009.38280521147,0.0,16316.960399999998,1895.9615760000006,1900.3686294999998,78.998399,82.884367,-85914.25850340119,9950.51,2669.9501041666667,0.8947815895080566
2026-07-03,13761438.534583448,13550827.838544378,210610.69603906944,13761438.534583448,13526299.838544378,0.0,0.0,0.0,24527.999999999996,235138.69603906944,0.0,24527.999999999996,1895.9615760000006,1900.5348929999998,78.998399,82.884367,-85914.25850340119,9600.29,3228.365208333334,0.566652774810791
2026-07-04,13307442.990711587,13142649.088199332,164793.9025122542,13307442.990711587,13118121.09039342,0.0,0.0,0.0,24527.997805912542,189321.90031816624,0.0,24527.997805912542,1895.9615760000006,1900.5514779999999,78.998399,82.884367,-85914.25850340119,9600.83,3017.1067708333335,0.6645610332489014
2026-07-05,10683894.992990373,10631188.995565338,52705.99742503464,10683894.992990373,10622172.035965338,0.0,0.0,0.0,9016.959599999973,61722.95702503435,0.0,9016.959599999973,1895.9615760000006,1897.3986292499999,78.998399,82.884367,-85914.25850340119,3973.17,1796.2871875,0.6133742332458496
2026-07-06,14020114.774192864,13476130.85476781,543983.9194250535,14020114.774192864,13431552.839973133,0.0,0.0,0.0,44578.01479467774,588561.934219731,0.0,44578.01479467774,1895.9615760000006,1901.269902,78.998399,83.503453,-99601.53401360521,9976.65,3348.7354166666664,0.5322732925415039
2026-07-07,13751725.477437997,13631690.198561274,120035.27887672372,13751725.477437997,13607162.19905019,0.0,0.0,0.0,24527.999511083115,144563.2783878073,0.0,24527.999511083115,1895.9615760000006,1899.9442534999998,78.998399,82.884367,-85914.25850340119,7600.04,3223.845416666667,0.7947463989257812
2026-07-08,13891722.888371881,13492381.83330914,399341.05506274104,13891722.888371881,13467853.83406661,0.0,0.0,0.0,24527.99924252961,423869.0543052703,0.0,24527.99924252961,1895.9615760000006,1900.59803975,78.998399,82.884367,-85914.25850340119,9600.92,3288.990625,0.643324613571167
2026-07-09,12742881.113922453,12728183.09689429,14698.017028162256,12742881.113922453,12714486.89809429,0.0,0.0,0.0,13696.198799999998,28394.215828161687,0.0,13696.198799999998,1895.9615760000006,1898.31223375,78.998399,82.788392,-83792.36224489799,4251.01,2754.398333333333,0.6968262195587158
2026-07-10,13729000.639706323,13420099.597315496,308901.0423908271,13729000.639706323,13396903.117315495,0.0,0.0,0.0,23196.479999999996,332097.52239082754,0.0,23196.479999999996,1895.9615760000006,1900.490244,78.998399,82.884367,-85914.25850340119,9510.59,3213.2708333333335,0.5983209609985352
2026-07-11,14450061.379549107,13811756.208341455,638305.1712076515,14450061.379549107,13691546.231321223,0.0,0.0,0.0,120209.97702023116,758515.1482278835,0.0,120209.97702023116,1895.9615760000006,1903.2761289999999,78.998399,85.0,-132688.45748299314,9990.16,3548.803125,0.6795647144317627
2026-07-12,14101716.094661092,13670392.538227748,431323.55643334426,14101716.094661092,13645864.538037129,0.0,0.0,0.0,24528.000190618903,455851.55662396364,0.0,24528.000190618903,1895.9615760000006,1900.4889684999998,78.998399,82.884367,-85914.25850340119,9999.02,3386.7070833333332,0.6500227451324463
2026-07-13,16727420.932797061,16202658.78989217,524762.1429048907,16727420.932797061,16074853.884157171,0.0,0.0,0.0,127804.90573499998,652567.0486398898,0.0,127804.90573499998,1895.9615760000006,1902.315541,78.998399,85.0,-132688.45748299314,9600.74,4608.5303125,0.6398391723632812
2026-07-14,19436036.64162714,19061506.731441062,374529.9101860784,19436036.64162714,18945146.64539856,0.0,0.0,0.0,116360.0860425,490889.99622857943,0.0,116360.0860425,1895.9615760000006,1899.55682875,78.998399,85.0,-132688.45748299314,8562.45,5868.934583333333,0.8971390724182129
2026-07-15,21485249.93619834,21201496.446511354,283753.48968698457,21485249.93619834,21123094.025971353,0.0,0.0,0.0,78402.42053999999,362155.9102269858,0.0,78402.42053999999,1895.9615760000006,1897.6687969999998,78.998399,85.0,-132688.45748299314,8001.73,6822.498124999999,1.1797127723693848
2026-07-16,23421472.998733312,23261397.673005488,160075.32572782412,23421472.998733312,23203067.25875298,0.0,0.0,0.0,58330.41425250757,218405.73998033255,0.0,58330.41425250757,1895.9615760000006,1897.079643,78.998399,85.0,-132688.45748299314,7810.46,7723.483749999999,0.3357052803039551
2026-07-17,21598695.48877462,21318217.45228149,280478.03649313,21598695.48877462,21243420.76771149,0.0,0.0,0.0,74796.68457000001,355274.7210631296,0.0,74796.68457000001,1895.9615760000006,1897.5448075,78.998399,85.0,-132688.45748299314,8632.29,6875.287916666665,0.7894303798675537
2026-07-18,20820099.827648908,20488881.106097497,331218.72155141085,20820099.827648908,20408679.537572496,0.0,0.0,0.0,80201.56852500001,411420.29007641226,0.0,80201.56852500001,1895.9615760000006,1897.7307932499998,78.998399,85.0,-132688.45748299314,8920.52,6512.982812499999,1.1175577640533447
2026-07-19,20219983.326445058,19850782.373772234,369200.95267282426,20219983.326445058,19765178.447292235,0.0,0.0,0.0,85603.92648,454804.87915282324,0.0,85603.92648,1895.9615760000006,1897.916777,78.998399,85.0,-132688.45748299314,9759.95,6233.7296875,0.5245053768157959
2026-07-20,20308640.548301272,19962619.62033064,346020.9279706329,20308640.548301272,19870737.051443167,0.0,0.0,0.0,91882.56888747231,437903.49685810506,0.0,91882.56888747231,1895.9615760000006,1897.9874019999997,78.998399,85.0,-132688.45748299314,9699.54,6274.9846875,2.9889748096466064
2026-07-21,15727825.799406791,15282869.178139737,444956.62126705423,15727825.799406791,15213875.267614737,0.0,0.0,0.0,68993.910525,513950.53179205395,0.0,68993.910525,1895.9615760000006,1901.3037112499997,78.998399,83.609115,-101937.59863945586,8496.6,4143.3871874999995,0.4417555332183838
2026-07-22,13015304.496937245,12994179.939168055,21124.55776919052,13015304.496937245,12980343.654768055,0.0,0.0,0.0,13836.2844,34960.842169189826,0.0,13836.2844,1895.9615760000006,1898.61138425,78.998399,82.432166,-75916.6173469387,4990.84,2881.1655208333336,0.9967708587646484
2026-07-23,13612446.192508323,13485938.170985537,126508.02152278647,13612446.192508323,13461410.170985537,0.0,0.0,0.0,24527.999999999996,151036.02152278647,0.0,24527.999999999996,1895.9615760000006,1900.24914075,78.998399,82.884367,-85914.25850340119,7710.48,3159.0343749999997,3.1750481128692627
2026-07-24,14595234.983623672,14154967.391240604,440267.59238306805,14595234.983623672,14130439.391240604,0.0,0.0,0.0,24527.999999999996,464795.59238306805,0.0,24527.999999999996,1895.9615760000006,1900.6514054999998,78.998399,82.884367,-85914.25850340119,9951.79,3616.356979166667,0.4463365077972412
2026-07-25,18021677.85058494,17592485.167826276,429192.68275866285,18021677.85058494,17469176.230031278,0.0,0.0,0.0,123308.937795,552501.6205536611,0.0,123308.937795,1895.9615760000006,1902.1511612499999,78.998399,85.0,-132688.45748299314,8289.89,5210.788854166666,2.1046652793884277
2026-07-26,16951538.25387291,16469916.349608166,481621.9042647425,16951538.25387291,16332657.249798166,0.0,0.0,0.0,137259.09980999999,618881.004074743,0.0,137259.09980999999,1895.9615760000006,1902.4376504999998,78.998399,85.0,-132688.45748299314,9600.24,4712.819166666667,0.4298546314239502
2026-07-27,17675746.391352594,17203912.2754953,471834.1158572957,17675746.391352594,17077665.0608778,0.0,0.0,0.0,126247.2146175,598081.3304747939,0.0,126247.2146175,1895.9615760000006,1901.0014300000003,78.998399,85.0,-132688.45748299314,9600.68,5049.816041666666,0.36874914169311523
2026-07-28,15946711.18751183,15413650.168436604,533061.019075226,15946711.18751183,15265634.316701604,0.0,0.0,0.0,148015.85173499997,681076.8708102256,0.0,148015.85173499997,1895.9615760000006,1902.98906025,78.998399,85.0,-132688.45748299314,9900.67,4245.241458333334,1.3850491046905518
2026-07-29,16181962.59561926,15632257.954304716,549704.6413145438,16181962.59561926,15503627.974214716,0.0,0.0,0.0,128629.98009,678334.6214045435,0.0,128629.98009,1895.9615760000006,1903.50596825,78.998399,85.0,-132688.45748299314,9600.07,4354.711354166667,0.4858572483062744
2026-07-30,17455771.278375834,16974306.598276418,481464.6800994165,17455771.278375834,16848779.89128142,0.0,0.0,0.0,125526.706995,606991.3870944157,0.0,125526.706995,1895.9615760000006,1901.8037130000002,78.998399,85.0,-132688.45748299314,9950.94,4947.454687500001,0.6470561027526855
2026-07-31,16424341.762486039,15884943.419080406,539398.3434056323,16424341.762486039,15757086.334450407,0.0,0.0,0.0,127857.08462999998,667255.4280356318,0.0,127857.08462999998,1895.9615760000006,1902.74139175,78.998399,85.0,-132688.45748299314,9976.32,4467.498020833334,0.8257732391357422
2026-08-01,17317163.55766456,16825519.60619819,491643.95146636665,17317163.55766456,16698237.54643319,0.0,0.0,0.0,127282.05976500001,618926.0112313684,0.0,127282.05976500001,1895.9615760000006,1901.6963979999996,78.998399,85.0,-132688.45748299314,9600.98,4882.956145833334,0.499431848526001
2026-08-02,16222982.18578857,15786982.874307048,435999.3114815224,16222982.18578857,15707466.420769548,0.0,0.0,0.0,79516.4535375,515515.7650190219,0.0,79516.4535375,1895.9615760000006,1901.8420367499998,78.998399,84.367169,-118697.29591836734,9250.69,4373.7990625,0.521228551864624
2026-08-03,18422924.711358406,18010304.14341275,412620.56794565544,18422924.711358406,17882396.94359525,0.0,0.0,0.0,127907.19981749999,540527.7677631564,0.0,127907.19981749999,1895.9615760000006,1901.0009019999998,78.998399,85.0,-132688.45748299314,8921.1,5397.501666666667,0.9427905082702637
2026-08-04,17314760.477036387,16817765.98318171,496994.49385467544,17314760.477036387,16690732.385831712,0.0,0.0,0.0,127033.59735,624028.0912046749,0.0,127033.59735,1895.9615760000006,1901.59135225,78.998399,85.0,-132688.45748299314,8562.18,4881.837916666666,1.6622960567474365
2026-08-05,15000182.610949999,14443975.254129332,556207.3568206672,15000182.610949999,14306128.46851682,0.0,0.0,0.0,137846.78561251177,694054.1424331795,0.0,137846.78561251177,1895.9615760000006,1902.874916,78.998399,85.0,-132688.45748299314,9970.05,3804.7918750000003,0.48157334327697754
2026-08-06,12596048.074664222,12535790.53190605,60257.54275817238,12596048.074664222,12511262.53190605,0.0,0.0,0.0,24527.999999999996,84785.54275817238,0.0,24527.999999999996,1895.9615760000006,1900.25445625,78.998399,82.884367,-85914.25850340119,5021.96,2686.072291666667,0.8942687511444092
